City,Latitude,Longitude,Temperature,Feels Like,Humidity,Pressure,Wind Speed,Cloudiness
Rikitea,-23.12,-134.97,77.13,73.98,77,1018,18.57,54
Vangaindrano,-23.35,47.6,74.14,78.49,86,1013,5.53,57
Hobart,-42.88,147.33,58.51,55.56,82,1016,6.93,20
Redlands,34.06,-117.18,63.86,57.85,31,1020,4.5,5
Port Alfred,-33.59,26.89,73.0,79.18,93,1007,3.36,100
Jamestown,42.1,-79.24,33.73,27.99,86,1014,3.36,90
Port Elizabeth,-33.92,25.57,73.4,77.94,94,1009,6.93,100
Hilo,19.73,-155.09,71.67,72.81,78,1022,6.93,90
St. Pete Beach,27.73,-82.74,61.93,52.27,42,1017,12.75,1
Arraial do Cabo,-22.97,-42.03,79.57,83.52,83,1011,10.29,0
East London,-33.02,27.91,76.89,78.85,68,1010,6.31,100
Ninghai,29.29,121.42,49.57,47.37,99,994,3.71,100
Klaksvík,62.23,-6.59,41.0,33.31,100,1031,10.07,81
Tura,25.52,90.22,62.1,61.14,66,1013,2.13,66
Havøysund,71.0,24.66,39.2,25.52,80,1024,18.34,75
Buin,-33.73,-70.75,88.0,84.11,27,1012,6.93,20
Ushuaia,-54.8,-68.3,53.6,36.95,50,1008,24.16,40
Codrington,-38.27,141.97,57.49,49.71,83,1016,15.12,100
Turbat,26.0,63.04,52.75,41.97,29,1019,10.51,0
Kaitangata,-46.28,169.85,57.99,56.14,78,1017,4.0,100
Port Hedland,-20.32,118.57,80.6,73.83,54,1006,19.46,40
Tasiilaq,65.61,-37.64,19.4,5.61,57,1015,13.87,100
Bedi,22.5,70.05,65.57,57.69,46,1013,11.61,0
Busselton,-33.65,115.33,58.28,55.22,82,1021,7.0,0
Faanui,-16.48,-151.75,80.73,79.59,78,1014,18.59,100
Paralímni,35.04,33.98,58.96,57.88,93,1019,5.82,0
Ballarat,-37.57,143.85,57.69,57.02,97,1012,5.01,100
Pandan,14.05,124.17,79.03,80.42,82,1011,13.96,29
Porto-Novo,6.5,2.6,84.2,89.51,83,1009,12.75,40
Mongu,-15.25,23.13,69.24,72.63,86,1010,3.29,50
Saint Anthony,45.02,-93.22,36.79,28.92,74,1010,6.93,20
Khatanga,71.97,102.5,-8.93,-22.25,87,1031,11.77,61
Lázaro Cárdenas,17.96,-102.2,83.19,83.62,60,1012,10.92,0
Christchurch,-43.53,172.63,64.06,61.02,72,1019,8.05,100
Upernavik,72.79,-56.15,14.43,0.64,82,1004,14.2,100
Kaeo,-35.1,173.78,73.0,76.6,76,1021,3.0,0
Saint Paul Harbor,57.79,-152.41,28.4,22.44,100,979,3.36,75
Cam Ranh,11.92,109.16,77.0,79.12,88,1012,12.75,40
Manaure,11.78,-72.44,84.43,77.11,40,1009,17.18,0
Puerto Ayora,-0.74,-90.35,78.35,79.36,65,1010,8.05,20
Sambava,-14.27,50.17,74.97,79.09,83,1011,5.75,3
Dingle,11.0,122.67,74.66,79.66,93,1009,6.98,49
Butaritari,3.07,172.79,81.25,80.62,80,1010,18.95,41
Mataura,-46.19,168.86,55.0,55.29,92,1020,1.01,100
Hithadhoo,-0.6,73.08,82.67,86.16,74,1007,10.67,100
Iqaluit,63.75,-68.51,-18.4,-29.25,68,1017,6.93,20
Punta Arenas,-53.15,-70.92,53.6,39.92,54,1014,19.46,0
Bengkulu,-3.8,102.27,76.86,82.47,84,1007,5.1,89
Mehamn,71.04,27.85,39.2,26.15,80,1025,17.22,90
Thinadhoo,0.53,72.93,82.06,88.25,74,1007,5.3,100
Port Macquarie,-31.43,152.92,71.87,79.2,99,1006,1.99,24
Fortuna,40.6,-124.16,50.76,46.8,87,1013,5.82,75
Thompson,55.74,-97.86,3.2,-7.1,77,1006,6.93,90
San Matías,-16.37,-58.4,93.49,95.13,42,1004,7.99,61
Muyezerskiy,63.93,31.65,9.23,1.76,96,1034,2.82,87
Portland,45.52,-122.68,49.37,42.4,76,1006,9.17,75
Albany,42.6,-73.97,34.95,29.37,84,1012,3.22,94
Severo-Yeniseyskiy,60.37,93.04,-26.07,-34.94,82,1056,3.33,85
Tuktoyaktuk,69.45,-133.04,-22.0,-32.26,74,1006,5.82,75
Waterloo,43.47,-80.52,32.99,27.14,86,1014,3.36,90
Leningradskiy,69.38,178.42,-7.29,-18.62,86,1013,8.3,100
Bandrele,-12.91,45.19,80.6,84.7,78,1010,9.17,0
Muros,42.78,-9.06,34.41,25.75,96,1015,9.4,3
Kumbo,6.2,10.67,63.77,58.71,38,1010,4.27,1
Quatre Cocos,-20.21,57.76,77.0,80.83,83,1013,8.05,75
Qaanaaq,77.48,-69.36,-6.05,-14.84,80,1013,3.76,3
Aklavik,68.22,-135.01,-19.35,-28.95,75,1005,4.7,100
Bluff,-46.6,168.33,55.0,55.29,92,1020,1.01,100
La Romana,18.43,-68.97,80.6,80.69,65,1013,11.41,40
Wanaka,-44.7,169.15,57.0,55.83,76,1017,1.99,100
Samarai,-10.62,150.67,83.39,85.89,72,1008,12.33,98
Sioux Lookout,50.1,-91.92,33.8,24.55,80,1002,9.17,40
Keflavik,64.0,-22.56,36.25,25.72,72,1023,11.41,75
Atuona,-9.8,-139.03,77.92,75.56,77,1014,17.85,48
Bereda,43.27,-7.54,33.69,29.8,100,1015,1.01,6
Nuuk,64.18,-51.72,26.6,11.12,92,1010,19.46,90
Mar del Plata,-38.0,-57.56,69.44,68.63,88,1012,11.41,90
Souillac,-20.52,57.52,77.0,80.83,83,1013,8.05,75
Haines Junction,60.75,-137.51,11.19,4.06,91,991,2.3,100
Oranjemund,-28.55,16.43,66.27,67.78,87,1011,4.7,96
Coquimbo,-29.95,-71.34,66.2,61.43,68,1014,11.41,75
Kashgar,39.45,75.98,17.6,9.72,92,1036,4.47,90
Mór,47.38,18.2,40.17,35.33,100,1011,4.7,75
Sur,22.57,59.53,67.3,59.29,41,1017,11.27,0
Yulara,-25.24,130.99,73.4,65.57,31,1013,10.29,32
Cape Town,-33.93,18.42,69.44,63.34,88,1008,20.8,20
Mount Gambier,-37.83,140.77,55.4,47.77,76,1016,12.75,90
La Ronge,55.1,-105.28,11.3,3.83,66,1008,2.24,13
Lagos,6.58,3.75,80.65,86.94,83,1009,7.23,0
Jayanca,-6.39,-79.82,79.97,73.67,61,1010,20.8,0
Ancud,-41.87,-73.82,61.47,52.81,45,1021,11.41,0
Marawi,8.0,124.29,73.0,78.03,95,1008,5.99,100
Peace River,56.25,-117.29,15.8,7.52,85,999,4.7,75
Sobolevo,54.43,31.9,32.95,25.07,96,1026,7.63,100
Pevek,69.7,170.31,-18.18,-28.61,89,1017,6.29,100
Hermanus,-34.42,19.23,72.0,75.15,83,1010,5.01,22
Hong Kong,22.29,114.16,61.36,59.11,75,1019,5.86,36
Coyhaique,-45.58,-72.07,71.6,63.93,30,1020,9.17,0
Forestville,38.85,-76.88,44.69,39.47,65,1015,3.36,90
Vanimo,-2.67,141.3,77.92,84.11,84,1008,5.06,97
Laas,46.62,10.7,25.0,19.09,85,1004,1.79,5
Yellowknife,62.46,-114.35,-18.9,-30.37,75,1005,8.05,40
Kapaa,22.08,-159.32,77.77,78.69,69,1022,9.17,40
Beringovskiy,63.05,179.32,-6.9,-23.82,90,1002,18.3,80
Kokopo,-4.35,152.26,78.8,84.97,79,1009,4.18,92
Avera,33.19,-82.53,57.38,48.79,33,1016,8.05,1
Envira,-7.3,-70.22,83.86,92.52,75,1004,3.09,87
Altamira,-3.2,-52.21,86.0,93.49,66,1008,3.36,20
Ribeira Grande,38.52,-28.7,60.8,50.65,93,1004,23.04,75
Iracoubo,5.48,-53.2,79.77,83.73,78,1008,8.63,5
Cabo San Lucas,22.89,-109.91,75.74,74.08,49,1017,5.82,20
Kruisfontein,-34.0,24.73,73.0,78.57,88,1009,3.0,87
Narsaq,60.92,-46.05,26.6,17.19,58,1021,6.93,75
Templemore,52.79,-7.83,34.32,29.14,93,1026,3.0,72
Lebu,-37.62,-73.65,58.68,44.67,66,1015,23.78,0
Ponta do Sol,32.67,-17.1,60.06,58.82,82,1006,4.7,20
Chokurdakh,70.63,147.92,-30.44,-43.04,85,1024,9.89,15
Barrow,71.29,-156.79,-7.6,-17.79,83,1004,6.22,90
Carnaíba,-8.7,-37.67,86.7,79.54,37,1009,16.82,0
Cherskiy,68.75,161.3,-29.47,-39.35,85,1023,5.08,100
Pittsburg,38.03,-121.88,58.57,53.1,82,1019,11.41,90
Saldanha,-33.01,17.94,66.2,65.14,82,1007,8.05,0
Lagoa,39.05,-27.98,61.25,48.96,85,1006,25.57,93
Grand Gaube,-20.01,57.66,77.0,79.56,76,1012,8.01,43
Husavik,66.04,-17.34,39.2,27.09,60,1020,13.87,40
Srednekolymsk,67.45,153.68,-26.97,-36.9,85,1026,5.19,99
Bethel,41.37,-73.41,37.2,28.13,74,1014,9.17,75
Kondinskoye,59.65,67.41,-9.4,-20.7,89,1053,8.19,90
Pisco,-13.7,-76.22,76.75,73.2,65,1011,14.99,40
Katsina,12.99,7.6,74.48,66.6,19,1010,7.05,6
Teahupoo,-17.83,-149.27,82.4,84.85,69,1015,10.29,90
Esperance,-33.87,121.9,57.2,52.61,82,1024,9.17,90
Jefferson City,38.58,-92.17,38.57,31.3,86,1015,7.31,90
Vao,-22.67,167.48,79.14,78.55,87,1009,19.37,52
Zhireken,52.82,117.31,-15.2,-22.88,87,1033,1.52,99
Xuzhou,34.18,117.16,28.31,17.94,91,1033,10.67,56
Pampas,-12.4,-74.9,59.27,54.93,65,1009,6.71,90
Nikolayevka,53.13,47.2,26.35,16.99,96,1038,8.75,100
Vaini,-21.2,-175.2,80.6,86.81,88,1008,9.17,75
Geraldton,-28.77,114.6,73.4,62.53,40,1010,18.34,0
Riyadh,24.69,46.72,59.0,55.78,58,1020,3.36,40
Pahrump,36.21,-115.98,63.99,57.99,24,1018,3.0,0
The Valley,18.22,-63.06,77.29,72.0,44,1013,11.41,20
Manthani,18.65,79.67,63.48,63.66,78,1013,3.29,84
Atakpamé,7.53,1.13,83.68,84.31,51,1008,7.23,22
Kupang,-10.17,123.58,80.24,87.58,83,1006,4.92,95
Arinos,-15.92,-46.11,77.88,83.88,75,1011,2.3,100
Ostrovnoy,68.05,39.51,10.42,-1.61,94,1033,10.98,15
Ulaanbaatar,47.91,106.88,-23.8,-32.08,67,1022,2.24,75
Zabul Province,32.25,67.25,33.01,25.95,90,1022,5.79,31
Longyearbyen,78.22,15.64,33.8,7.23,69,987,39.15,75
Luganville,-15.53,167.17,78.8,88.56,94,1009,3.13,75
Hammerfest,70.66,23.68,39.2,25.52,80,1024,18.34,75
Kapuskasing,49.42,-82.43,35.6,25.32,80,1007,11.41,81
Kaduqli,11.02,29.72,76.12,67.93,24,1009,9.53,0
Zharkent,44.16,80.0,5.36,-1.32,69,1037,0.47,0
Wiwilí,13.63,-85.83,71.6,71.15,68,1011,6.93,40
Provideniya,64.38,-173.3,-4.31,-18.8,85,998,14.05,0
Pacific Grove,36.62,-121.92,59.22,54.81,72,1021,8.05,90
Jutaí,-5.18,-68.9,83.79,91.96,69,1005,1.39,81
Cockburn Town,21.46,-71.14,76.71,74.82,68,1015,13.0,0
New Norfolk,-42.78,147.06,57.0,55.08,68,1016,1.99,54
Inuvik,68.35,-133.72,-19.32,-28.91,75,1006,4.7,100
Blackfoot,43.19,-112.34,30.96,21.45,64,1017,8.05,75
Saint-Leu,-21.15,55.28,73.62,73.65,74,1012,9.17,90
Airai,-8.93,125.41,62.55,66.15,100,1007,1.16,98
Katsuura,35.13,140.3,41.0,34.27,60,1021,4.7,75
Constitución,-35.33,-72.42,66.27,54.03,48,1011,20.07,0
Kita,13.03,-9.49,80.65,74.55,19,1010,5.19,0
Bambous Virieux,-20.34,57.76,77.0,80.83,83,1013,8.05,75
Kibala,9.11,18.35,75.2,73.44,44,1009,4.16,0
Cap Malheureux,-19.98,57.61,77.0,79.56,76,1012,8.01,43
Tirumullaivāsal,11.23,79.83,76.1,79.63,91,1010,10.38,100
Shache,38.42,77.24,17.87,7.48,90,1042,8.86,100
Chui,-33.7,-53.46,75.45,71.82,72,1009,16.46,98
Mitsamiouli,-11.38,43.28,82.53,88.81,71,1010,4.38,64
Belyy Yar,53.6,91.39,-22.0,-31.5,74,1057,4.47,90
Khani,41.96,42.96,53.6,32.65,30,1023,28.86,0
Utinga,-5.82,-35.4,82.4,82.69,74,1011,16.11,40
Carnarvon,-24.87,113.63,71.6,75.22,94,1004,6.93,75
Rawson,-43.3,-65.1,64.08,50.52,42,1020,20.31,0
Quirinópolis,-18.45,-50.45,82.0,85.28,65,1008,6.89,100
Hambantota,6.12,81.12,76.89,82.67,84,1007,4.83,80
Ahipara,-35.17,173.17,71.82,73.58,59,1021,0.6,0
Kandiaro,27.06,68.21,54.36,47.21,39,1015,5.84,0
Kampot,10.62,104.18,78.8,78.91,69,1009,11.41,40
Saint-Augustin,51.23,-58.65,19.69,13.53,93,1022,1.72,17
Nicoya,10.15,-85.45,89.6,84.38,46,1008,19.46,20
Primorskoye,47.17,37.69,34.0,18.73,53,1022,18.01,98
Castro,-24.79,-50.01,69.31,72.09,80,1010,2.89,100
Nikolskoye,59.7,30.79,28.71,20.07,74,1029,6.71,75
Lodwar,3.12,35.6,82.9,80.1,46,1009,10.78,11
Oranjestad,12.52,-70.03,80.6,78.89,69,1011,16.11,20
Angoche,-16.23,39.91,79.54,86.5,81,1011,4.16,81
Dunga Bunga,29.75,73.24,57.78,55.78,89,1014,6.04,0
Fairbanks,64.84,-147.72,-11.02,-19.14,76,990,2.33,40
Los Llanos de Aridane,28.66,-17.92,64.42,63.5,73,1010,4.7,40
Dunedin,-45.87,170.5,54.45,49.66,88,1019,9.1,100
Cayenne,4.93,-52.33,84.2,86.74,74,1009,13.87,75
El Cobre,20.05,-75.95,86.0,86.83,45,1013,5.82,20
Srandakan,-7.94,110.25,76.82,83.57,85,1006,3.38,98
Itaituba,-4.28,-55.98,87.8,91.29,62,1007,10.29,40
Antalaha,-14.9,50.28,73.54,76.96,84,1012,6.08,37
Avarua,-21.21,-159.78,84.2,82.33,66,1014,18.34,90
Cidreira,-30.18,-50.21,75.22,69.91,72,1010,19.26,95
Port Hardy,50.7,-127.42,45.7,39.87,75,1000,5.82,75
Moundsville,39.92,-80.74,35.83,29.12,74,1015,4.7,90
Novy Urengoy,66.08,76.63,-19.28,-31.79,88,1052,9.95,32
La Paz,-16.5,-68.15,64.4,55.83,31,1031,9.17,75
Sorong,-0.88,131.25,80.33,86.72,81,1007,5.95,96
Torbay,47.67,-52.73,31.21,17.19,100,1018,18.34,90
Yeppoon,-23.13,150.73,77.0,82.4,88,1008,6.93,95
Trairi,-3.28,-39.27,80.29,82.53,76,1009,11.45,13
Øksfjord,70.24,22.35,39.31,33.85,75,1025,3.36,75
Acaraú,-2.89,-40.12,81.27,80.82,72,1008,15.59,87
Rosetown,51.55,-108.0,19.67,11.41,73,1010,4.7,0
Lufilufi,-13.87,-171.6,86.0,95.5,74,1011,3.36,40
San Jerónimo,-11.95,-75.28,58.93,55.99,62,1010,3.53,100
Sarakhs,36.54,61.16,29.84,23.0,88,1035,4.54,0
Ugoofaaru,5.67,73.0,81.55,85.84,78,1007,9.75,100
Weihai,37.5,122.11,26.92,14.25,89,1034,14.38,100
Artyom,40.47,50.33,35.6,28.56,67,1035,4.7,75
Sepuka,-4.75,34.53,64.08,65.41,85,1012,3.11,79
Saint-Pierre,-21.34,55.48,74.05,74.26,74,1012,9.17,90
Lompoc,34.64,-120.46,59.34,56.12,77,1023,6.93,90
Kaohsiung City,22.62,120.31,61.88,58.73,88,1016,10.29,40
Wewak,-3.55,143.63,78.17,84.72,87,1009,5.7,87
Te Anau,-45.42,167.72,52.03,50.85,88,1018,1.59,100
Hasaki,35.73,140.83,30.69,23.52,56,1021,3.36,75
Norman Wells,65.28,-126.83,-18.4,-31.76,75,1006,11.41,20
Chiradzulu,-15.67,35.14,65.68,67.82,97,1012,5.44,98
Lorengau,-2.02,147.27,82.74,86.31,78,1008,12.24,69
Guangyuan,32.44,105.82,36.5,27.54,89,857,10.0,86
Batagay-Alyta,67.8,130.41,-26.54,-34.49,83,1028,1.68,48
Tieli,46.95,128.05,-21.26,-30.39,87,1032,3.89,84
Ilhabela,-23.78,-45.36,76.51,82.09,81,1012,3.85,51
Zaria,11.11,7.72,75.61,67.1,19,1011,8.37,0
Nanortalik,60.14,-45.24,27.12,18.03,96,1022,8.41,99
Lere,10.39,8.57,72.28,66.25,23,1010,4.45,0
Boguchany,58.38,97.45,-30.15,-38.88,79,1056,3.0,65
Vanavara,60.34,102.28,-34.01,-44.46,81,1051,6.02,97
Yar-Sale,66.83,70.83,-18.89,-33.09,86,1047,12.97,1
Nantucket,41.28,-70.1,41.95,28.45,75,1010,18.34,90
Kiryat Gat,31.61,34.76,62.64,59.74,57,1014,4.0,80
Port Blair,11.67,92.75,79.61,82.76,78,1009,9.93,5
Hofn,64.25,-15.21,37.71,29.14,72,1025,8.25,100
Bredasdorp,-34.53,20.04,69.8,70.39,88,1010,9.17,52
Presidencia Roque Sáenz Peña,-26.79,-60.44,88.92,89.87,39,1004,4.59,100
Ust-Kuyga,70.02,135.6,-37.3,-49.56,79,1028,9.17,63
Broome,42.25,-75.83,32.79,25.75,92,1013,5.82,90
Bathsheba,13.22,-59.52,77.0,76.3,83,1011,16.11,75
Russell,32.35,-85.2,60.1,54.79,36,1017,3.36,1
Buinsk,54.95,48.28,26.6,17.04,92,1036,8.95,90
Chërnaya Kholunitsa,58.85,51.72,18.0,10.33,98,1037,4.36,92
Rio Grande,-32.03,-52.1,83.44,73.69,45,1008,23.04,20
Isangel,-19.55,169.27,82.4,91.62,88,1008,5.82,75
Karratha,-20.74,116.85,84.97,81.41,38,1004,9.93,17
Rocha,-34.48,-54.33,78.06,73.83,64,1009,16.8,100
Arroio Grande,-32.24,-53.09,80.37,76.82,57,1008,14.72,100
Urengoy,65.97,78.37,-20.83,-33.2,85,1052,9.64,0
Mēga,4.05,38.3,61.86,57.61,67,1011,8.05,99
Heraclea,37.51,34.05,40.87,36.88,66,1021,0.36,84
Salalah,17.02,54.09,69.8,69.98,68,1016,4.7,20
Dikson,73.51,80.55,-8.55,-28.55,91,1030,23.67,100
Manicoré,-5.81,-61.3,82.92,88.48,67,1005,4.43,48
Pindi Bhattian,31.9,73.27,57.63,56.17,94,1013,5.88,43
Saskylakh,71.92,114.08,2.8,-10.61,92,1023,12.68,96
Ternate,0.8,127.4,79.92,85.19,81,1007,7.54,97
Comodoro Rivadavia,-45.87,-67.5,66.2,54.75,37,1022,16.11,0
Ayapel,8.31,-75.14,87.01,94.33,64,1007,3.69,29
Eskişehir,39.78,30.52,38.34,30.33,80,1017,8.05,0
Capiíbary,-24.8,-56.03,75.29,79.07,81,1005,5.99,61
At-Bashi,41.17,75.81,5.4,-1.84,52,1035,1.12,0
Berlevåg,70.86,29.09,36.54,22.48,80,1025,18.34,75
Gusino,54.72,31.37,33.31,26.55,96,1026,5.75,100
Grand-Santi,4.25,-54.38,78.01,86.79,92,1008,3.31,91
City of San Pedro,14.35,121.02,76.64,84.22,94,1011,4.7,75
Lüderitz,-26.65,15.16,71.6,73.76,73,1010,3.67,0
Alice Springs,-23.7,133.88,74.64,73.89,56,1012,5.82,90
Tekkali,18.62,84.23,64.76,63.34,69,1013,4.92,95
Asău,46.43,26.4,44.01,38.91,78,1010,4.29,100
Buala,-8.14,159.59,83.52,89.42,69,1009,5.17,99
Åkersberga,59.48,18.3,33.31,27.48,95,1028,4.0,99
San Patricio,28.02,-97.52,74.62,75.18,60,1017,4.7,1
Coahuayana Viejo,18.73,-103.68,84.2,84.25,45,1017,6.06,20
Mossamedes,-15.2,12.15,72.66,75.11,73,1013,3.91,95
Kabanjahe,3.1,98.49,77.0,86.67,100,1008,3.36,40
Havre-St-Pierre,50.23,-63.6,26.6,19.81,79,1021,3.36,90
Okahandja,-21.98,16.92,69.89,72.1,68,1019,1.12,98
Miami Beach,25.79,-80.13,73.09,67.62,38,1016,8.05,75
Virginia Beach,36.85,-75.98,45.99,42.98,76,1014,1.01,0
Challakere,14.32,76.65,67.91,68.63,82,1011,6.04,68
Leshukonskoye,64.9,45.76,-0.27,-9.17,93,1036,4.47,70
Hailin,44.58,129.42,-16.89,-24.88,87,1031,2.01,33
Arrondissement de Laon,49.57,3.67,34.92,26.98,93,1013,8.05,90
Dubrovka,53.69,33.51,30.88,22.77,98,1028,7.65,100
Tautira,-17.73,-149.15,82.4,84.85,69,1015,10.29,90
Uyemskiy,64.47,40.85,15.8,7.77,92,1033,4.47,90
Sitka,57.05,-135.33,42.8,26.37,56,979,21.92,75
Popondetta,-8.75,148.25,76.66,82.56,78,1009,2.42,100
Sembakung,3.82,117.25,73.38,81.19,96,1009,1.7,98
Mandalgovi,45.76,106.27,-10.79,-26.52,80,1041,15.9,23
Manakara,-22.13,48.02,74.43,78.78,89,1014,6.69,18
Metro,-5.11,105.31,75.51,81.34,89,1007,5.08,100
Tallahassee,30.44,-84.28,61.48,55.27,33,1018,4.7,1
Tuatapere,-46.13,167.68,55.0,55.29,92,1020,1.01,100
Roald,62.58,6.13,24.96,16.16,85,1033,6.93,0
Powell River,49.85,-124.54,45.48,43.0,100,999,2.53,75
Tiksi,71.69,128.87,-6.47,-17.82,90,1024,8.43,95
Dalvik,65.97,-18.53,39.2,27.09,60,1020,13.87,40
Buta,2.79,24.73,73.44,79.07,82,1008,1.48,72
Cedar Lake,41.36,-87.44,29.62,22.28,98,1015,5.99,90
Cascavel,-24.96,-53.46,84.2,85.59,58,1012,9.17,40
Brawley,32.98,-115.53,66.22,62.15,32,1020,1.83,1
Fort Nelson,58.81,-122.7,-11.2,-19.3,76,1003,2.3,75
General Roca,-39.03,-67.58,78.8,71.94,34,1015,11.41,0
Sibolga,1.74,98.78,77.56,83.34,76,1008,2.75,85
Mīzan Teferī,6.98,35.58,64.44,64.27,70,1010,2.73,89
George Town,5.41,100.34,77.95,87.69,94,1008,2.24,20
Sangmélima,2.93,11.98,72.03,75.85,80,1010,3.02,22
Newport,51.59,-3.0,37.92,32.5,88,1019,4.0,99
Paamiut,61.99,-49.67,28.83,12.09,97,1017,22.44,100
Kokkola,63.84,23.13,22.42,17.04,100,1033,1.12,90
Vila Franca do Campo,37.72,-25.43,59.0,51.53,87,1007,16.11,40
Maromitsa,59.87,48.01,9.32,1.54,96,1036,3.38,73
Mazamari,-11.33,-74.53,79.02,85.24,77,1007,3.56,77
Praia,14.92,-23.51,75.2,69.64,57,1013,14.99,75
Tessalit,20.2,1.01,67.77,58.69,22,1014,8.7,0
Ankara,39.92,32.85,38.73,33.55,69,1019,2.24,0
Udachny,66.42,112.4,-14.8,-25.46,75,1022,6.71,90
Três Passos,-27.46,-53.93,72.28,75.52,82,1006,4.81,99
Santa Marta,11.24,-74.2,88.0,89.35,53,1006,10.0,4
Sternberk,49.73,17.3,34.36,27.14,98,1011,6.98,88
Ol'ga,43.74,135.29,1.36,-8.46,84,1026,6.08,0
Albemarle,35.35,-80.2,53.38,48.09,46,1017,3.36,40
Hamilton,39.18,-84.53,42.53,37.02,68,1016,3.62,40
Broken Hill,-31.95,141.43,60.8,50.68,63,1012,17.22,0
Taoudenni,22.68,-3.98,69.21,60.66,20,1014,7.54,38
Laguna,38.42,-121.42,53.37,43.02,87,1018,18.34,90
Iguape,-24.71,-47.56,77.02,78.28,74,1010,9.64,85
Turukhansk,65.82,87.98,-20.25,-30.08,88,1054,5.17,100
Santa Maria da Vitória,-13.39,-44.19,79.11,84.85,73,1010,3.09,70
Ust-Maya,60.42,134.53,-38.31,-46.37,81,1036,1.7,100
Barstow,34.9,-117.02,60.55,53.67,30,1020,5.12,1
Mahébourg,-20.41,57.7,77.0,80.83,83,1013,8.05,75
Geilo,60.53,8.21,6.31,-1.7,86,1030,3.27,19
Scottsbluff,41.87,-103.67,48.56,40.57,36,1018,5.82,1
Albertville,34.27,-86.21,55.02,48.65,54,1016,6.93,40
San Cristobal,7.77,-72.22,78.8,80.64,65,1012,6.93,40
Papar,5.73,115.93,75.09,82.56,94,1008,3.36,20
Bilma,18.69,12.92,73.51,66.54,20,1012,5.5,0
Aswān,24.09,32.91,64.9,55.58,27,1016,9.73,0
Kingisepp,59.37,28.61,20.89,13.8,97,1030,3.74,0
Sabang,5.89,95.32,77.23,79.38,87,1008,12.62,100
Macedo de Cavaleiros,41.54,-6.96,33.01,27.28,99,1013,4.0,0
Arman',59.7,150.17,-6.77,-20.15,81,1016,11.88,99
Termez,37.22,67.28,19.4,12.83,92,1034,2.39,90
Karasuk,53.74,78.04,-19.97,-30.55,86,1062,6.53,40
Sítio Novo do Tocantins,-5.52,-47.46,89.6,97.11,59,1007,3.36,40
Payo,-3.75,103.64,74.12,82.13,96,1007,2.04,95
Ushtobe,45.25,77.98,-7.2,-17.9,81,1041,7.11,6
Boquira,-12.82,-42.73,80.49,84.36,60,1010,2.75,94
Concepción,-36.83,-73.05,71.6,59.88,46,1013,20.8,0
Port-Gentil,-0.72,8.78,80.6,88.07,88,1009,6.93,20
San Quintín,30.48,-115.95,62.11,55.49,70,1018,13.02,61
Kumul,42.8,93.45,6.48,-0.36,81,1049,1.12,0
Nouadhibou,20.93,-17.03,69.8,67.5,46,1014,3.36,0
Beloha,-25.17,45.05,72.25,74.66,80,1009,5.68,43
Moree,-29.47,149.85,69.8,71.02,88,1008,8.05,0
Fomboni,-12.28,43.74,83.55,86.76,72,1010,11.21,2
Le Port,-20.94,55.29,68.23,66.15,88,1012,12.75,38
Saint-Philippe,-21.36,55.77,74.41,74.79,74,1012,9.17,90
Majene,-3.54,118.97,78.37,85.6,84,1007,3.65,100
Gorom-Gorom,14.44,-0.24,82.85,74.52,15,1010,8.05,6
Kavieng,-2.57,150.8,84.0,86.13,73,1008,13.98,100
Beasain,43.05,-2.2,38.66,33.26,83,1005,3.76,100
Carauari,-4.88,-66.9,85.59,91.22,60,1004,3.62,95
Mbini,1.57,9.61,80.53,87.21,81,1010,5.64,100
Kubachi,42.09,47.6,30.69,22.87,62,1033,4.88,0
Merced,37.17,-120.75,57.69,54.88,63,1015,3.0,100
Muhafazat Lahij,13.17,44.58,69.93,71.51,79,1015,5.17,48
Changji,44.02,87.32,-11.2,-19.26,76,1046,2.24,75
Turaif,31.67,38.66,50.0,43.79,76,1021,8.05,0
Deoli,25.75,75.38,60.96,61.81,83,1012,1.7,59
Padang,-0.95,100.35,73.4,80.22,88,1007,1.12,90
Grindavik,63.84,-22.43,37.4,26.96,71,1023,11.41,75
Darhan,49.49,105.92,-14.17,-24.07,85,1049,5.48,100
Qasigiannguit,68.82,-51.19,21.2,4.26,53,1008,19.46,75
Inírida,3.87,-67.92,82.8,93.27,83,1006,2.04,26
Zboriv,49.66,25.14,42.75,31.06,91,1014,16.91,100
Mahon,39.89,4.27,41.0,35.29,80,1009,4.7,20
Batelov,49.31,15.39,37.0,28.76,100,1009,9.71,100
Matara,5.95,80.54,75.94,81.54,91,1007,6.55,100
Polson,47.69,-114.16,37.0,32.63,67,1011,0.25,94
Severo-Kuril'sk,50.68,156.12,20.26,3.29,90,1008,20.92,79
Lubango,-14.92,13.49,58.57,56.39,77,1013,4.7,100
Rundu,-17.93,19.77,70.29,73.18,80,1010,3.33,31
Ucluelet,48.93,-125.55,46.15,42.17,93,1001,4.7,90
Horizontina,-27.63,-54.31,80.01,86.74,70,1005,1.01,86
Al Bardīyah,31.76,25.09,64.58,61.47,60,1016,5.86,100
Lesosibirsk,58.24,92.48,-27.11,-36.8,85,1057,4.74,76
Cheremshanka,56.12,60.27,2.3,-5.84,94,1046,3.33,100
Yoichi,43.2,140.77,14.0,0.27,76,1021,13.89,99
Auki,-8.77,160.7,81.99,88.09,69,1009,3.42,52
Tezu,27.92,96.17,60.42,54.99,33,1020,3.09,0
Fukuechō,32.69,128.84,51.24,39.02,63,1025,17.45,100
Deputatsky,69.3,139.9,-29.99,-40.07,84,1028,5.41,10
Strathpeffer,57.59,-4.54,33.57,29.41,95,1033,1.12,75
Balyqshy,47.07,51.87,10.4,-2.06,72,1041,11.18,0
Henties Bay,-22.12,14.28,68.0,69.28,89,1013,6.82,27
Aktau,43.65,51.2,19.4,6.08,67,1037,13.42,0
Okhotsk,59.38,143.3,-8.5,-22.29,85,1016,12.59,58
Chincha Alta,-13.41,-76.13,76.39,72.7,65,1011,14.99,40
Karasburg,-28.02,18.75,70.27,69.89,85,1010,10.47,54
Tygda,53.12,126.33,-24.48,-33.61,84,1029,3.83,29
Ryōtsu-minato,38.08,138.43,36.5,30.65,89,1024,4.47,100
Walvis Bay,-22.96,14.51,68.0,66.99,82,1013,9.17,98
Kahului,20.89,-156.47,76.3,74.55,51,1021,6.91,20
Yangi Marg`ilon,40.43,71.72,23.0,16.66,85,1031,2.24,90
Isiro,2.77,27.62,71.01,74.35,71,1009,0.63,97
Crotone,39.09,17.12,44.01,36.59,74,1014,8.01,0
Vallenar,-28.57,-70.76,80.13,74.77,35,1013,9.66,0
Acajutla,13.59,-89.83,86.0,87.24,48,1016,6.42,20
Inhambane,-23.86,35.38,77.11,82.26,82,1011,5.48,12
Velika Gorica,45.71,16.08,41.43,37.24,93,1011,3.36,90
Río Cuarto,-33.13,-64.35,83.21,83.07,45,1007,5.82,40
Mauriti,-7.39,-38.77,82.33,82.94,41,1008,2.37,59
Gogrial,8.53,28.1,76.57,70.97,24,1008,5.03,0
Elko,41.0,-115.5,36.86,30.27,74,1016,4.7,90
Avesta,60.15,16.17,28.0,22.6,95,1028,1.99,100
Mosquera,4.71,-74.23,66.2,57.96,52,1023,13.87,40
Dzaoudzi,-12.79,45.27,80.6,84.7,78,1010,9.17,0
Lira,2.23,32.91,72.57,68.74,41,1010,5.79,97
Chanthaburi,12.83,102.17,73.0,78.12,93,1011,5.26,52
Oyama,36.3,139.8,36.88,31.84,92,1021,3.36,75
Katangli,51.71,143.23,-9.58,-21.77,88,1018,9.73,100
Moba,33.23,105.02,24.08,17.17,98,1027,4.05,99
Puerto del Rosario,28.5,-13.86,64.4,63.63,68,1013,3.36,20
Kāman,27.65,77.27,61.88,60.73,80,1014,5.17,100
Moerai,-22.43,-151.33,80.02,77.83,79,1017,20.18,1
Gastello,49.12,142.97,-7.11,-15.3,85,1018,2.71,37
Roblin,51.23,-101.36,21.74,12.49,97,1010,7.72,0
Lavrentiya,65.58,-171.0,-9.45,-22.29,88,999,10.89,29
Faya,18.39,42.45,56.3,55.74,93,1024,3.36,0
Westport,41.14,-73.36,40.53,33.12,32,1013,3.27,73
Nyurba,63.28,118.33,-34.67,-45.0,82,1035,5.77,91
Say,13.1,2.37,86.0,81.81,17,1010,2.24,0
Charters Towers,-20.1,146.27,73.2,73.22,95,1007,15.08,100
São João da Barra,-21.64,-41.05,80.6,84.7,78,1012,9.17,75
Boundiali,9.52,-6.49,80.74,77.85,25,1009,1.77,1
Langsa,4.47,97.97,73.38,80.51,93,1009,2.01,39
Camaná,-16.62,-72.71,73.94,73.92,67,1012,7.4,3
Nouakchott,18.09,-15.98,73.4,67.17,49,1013,12.75,1
Makkah al Mukarramah,21.43,39.83,74.46,76.69,73,1014,5.59,0
Dakar,14.69,-17.44,73.4,76.53,78,1011,4.7,0
Challapata,-18.9,-66.77,64.44,52.97,25,1003,13.0,0
Port Augusta,-32.5,137.77,59.47,49.86,77,1015,18.34,40
Naples,40.83,14.25,42.98,39.38,87,1012,2.24,0
Yanta,36.24,115.67,23.76,12.76,82,1036,10.49,27
Effingham County,32.37,-81.33,60.12,54.68,48,1016,5.82,20
Margate,51.38,1.39,39.43,32.56,76,1012,5.99,100
Dosso,13.05,3.19,78.69,71.11,17,1009,6.67,0
Atmakūr,15.88,78.58,64.29,66.45,90,1012,2.84,70
Nome,64.5,-165.41,-5.8,-19.03,58,990,11.41,20
Piaçabuçu,-10.41,-36.43,78.93,79.99,77,1012,12.66,4
Mananjary,-21.22,48.33,75.33,79.86,87,1013,6.58,26
Morón,-34.65,-58.62,82.63,82.31,48,1020,7.0,96
Soyo,-6.13,12.37,78.8,84.42,87,1010,7.99,100
Zyryanovsk,49.74,84.27,-22.2,-29.42,79,1056,0.45,0
Toktogul,41.87,72.94,26.29,20.19,60,1032,1.1,0
Tineo,43.34,-6.41,38.16,30.4,86,1013,8.05,40
Santa Maria,-29.68,-53.81,89.6,89.55,46,1006,10.29,40
Greeneville,36.16,-82.83,46.54,38.57,49,1016,6.93,1
Tulagi,-9.1,160.15,78.8,86.86,83,1009,2.24,20
Kununurra,-15.77,128.73,77.0,85.55,94,1005,3.36,90
Verkhnyaya Inta,65.98,60.31,-2.99,-10.66,91,1044,2.1,96
Innisfail,-17.53,146.03,69.01,75.15,97,1010,1.01,100
Southbridge,42.08,-72.03,36.72,30.07,61,1013,3.76,19
Methóni,36.82,21.7,48.45,47.01,93,1014,1.12,39
São Filipe,14.9,-24.5,75.99,79.45,76,1013,5.57,95
Poum,-20.23,164.02,81.54,90.99,78,1008,0.58,100
Pangody,65.85,74.49,-18.63,-31.32,88,1051,10.29,100
Ayan,56.45,138.17,-17.3,-32.49,75,1024,14.7,56
Aksarka,66.56,67.8,-19.14,-33.72,87,1047,13.65,55
Kekri,25.97,75.15,60.67,60.22,82,1012,3.65,21
Fuyu,45.18,124.82,-15.72,-25.1,81,1032,4.45,4
Ajdabiya,30.76,20.23,57.0,51.8,69,1019,7.99,30
Abay,49.63,72.85,-7.6,-23.22,63,1042,15.66,0
Zvishavane,-20.33,30.07,69.69,72.0,81,1013,4.25,7
Departamento de Maldonado,-34.67,-54.92,79.68,76.1,65,1007,17.22,75
Valparaíso,-33.04,-71.63,69.58,64.38,49,1014,9.17,0
Vestmannaeyjar,63.44,-20.27,41.9,30.61,69,1026,13.82,100
Neuquén,-38.95,-68.06,78.8,71.94,34,1015,11.41,0
Mubi,10.27,13.26,74.01,68.09,21,1008,4.05,0
Porto Seguro,-16.45,-39.06,80.6,81.84,74,1013,12.75,40
Dali,25.7,100.18,44.37,38.8,72,1018,4.63,100
Mayo,38.89,-76.51,43.83,38.84,75,1015,3.76,90
Maiduguri,11.85,13.16,75.83,67.95,20,1010,7.63,0
Tanout,14.97,8.89,75.76,66.45,18,1011,9.48,4
Knysna,-34.04,23.05,68.0,73.4,100,1010,2.24,95
Makakilo City,21.35,-158.09,77.7,80.33,65,1021,4.7,1
Sigayevo,56.42,53.78,19.0,12.65,93,1038,1.99,99
Kamaishi,39.27,141.88,27.07,18.97,88,1024,6.22,90
Calvinia,-31.47,19.78,72.16,73.78,68,1009,3.6,82
Gold Coast,-28.0,153.43,77.7,79.99,73,1009,8.05,12
Rājbirāj,26.53,86.75,62.89,61.61,62,1015,2.26,35
Ilulissat,69.22,-51.1,21.2,4.26,53,1008,19.46,75
São Gabriel da Cachoeira,-0.13,-67.09,82.74,91.22,77,1005,3.09,100
Lynchburg,37.41,-79.14,44.08,36.63,52,1015,5.82,90
Beruwala,6.48,79.98,76.28,83.59,87,1007,2.55,38
Tsumeb,-19.23,17.72,74.44,78.35,71,1009,1.99,100
Alekseyevka,50.63,38.69,29.44,18.27,97,1031,12.68,100
Hudson,40.72,-74.07,40.91,29.98,67,1015,12.75,90
Altay,47.87,88.12,-9.63,-17.72,55,1053,2.13,0
Kearney,40.7,-99.08,45.34,36.54,48,1019,8.05,1
Naliya,23.27,68.83,61.48,54.05,51,1014,10.4,0
Vardø,70.37,31.11,28.4,9.21,92,1027,26.4,40
Bandarbeyla,9.49,50.81,73.33,67.62,70,1014,17.96,8
Thenzawl,23.32,92.75,52.83,49.93,72,1015,2.68,87
Praia da Vitória,38.73,-27.07,59.43,48.09,93,1007,24.29,75
Jiexiu,37.02,111.91,21.16,11.3,67,1039,7.49,0
Montrose,38.42,-108.27,38.5,32.68,51,1024,1.79,1
Clyde River,70.47,-68.59,-18.4,-36.29,75,1012,19.46,20
Mujiayingzi,42.12,118.78,-12.66,-23.84,78,1040,7.74,0
Otukpo,7.19,8.13,82.45,79.7,22,1007,0.85,0
Atar,20.52,-13.05,72.82,67.42,33,1014,6.35,99
Pahlgām,34.03,75.33,32.25,24.37,83,1025,6.62,100
Eureka,40.8,-124.16,49.28,41.92,93,1014,11.99,100
Batouri,4.43,14.37,74.44,73.76,45,1009,2.19,0
Mocuba,-16.84,36.99,72.72,78.39,89,1011,2.86,85
Sørland,67.67,12.69,41.7,24.82,88,1030,25.5,100
Corner Brook,48.97,-57.95,26.37,18.37,86,1022,5.82,90
Korla,41.76,86.15,12.22,5.76,84,1043,1.03,0
Harper,4.38,-7.72,79.02,84.97,81,1011,5.46,28
Newburgh,41.5,-74.01,36.3,30.16,86,1014,4.7,75
Fianarantsoa,-21.43,47.08,61.41,62.56,91,1014,2.98,90
Lumeje,-11.55,20.78,66.61,66.79,92,1013,8.48,98
Barcelos,41.54,-8.62,38.5,34.11,100,1013,3.36,20
Maceió,-9.67,-35.74,78.8,83.05,74,1013,5.82,75
Denison,33.76,-96.54,63.73,55.85,27,1020,6.93,5
Kungurtug,50.6,97.52,-20.15,-28.86,82,1057,3.18,100
Lhokseumawe,5.18,97.15,76.3,83.14,87,1009,3.38,70
Vengerovo,55.68,76.75,-20.94,-30.23,87,1063,4.21,83
Shizuishan,39.23,106.77,9.09,-2.0,68,1043,8.55,0
Pozo Colorado,-23.49,-58.8,78.66,81.12,70,1005,7.45,100
San Antonio,29.42,-98.49,74.26,67.95,28,1016,6.93,1
Aripuanã,-9.17,-60.63,80.11,89.67,84,1006,1.25,97
Bac Lieu,9.29,105.72,77.02,77.16,83,1009,14.61,100
Sōja,34.67,133.75,32.0,26.4,91,1026,3.02,100
Huilong,31.81,121.66,46.0,36.52,84,1027,13.4,95
Elk Plain,47.05,-122.4,44.96,39.25,100,1003,8.05,75
Whitianga,-36.83,175.7,70.3,70.97,68,1021,4.14,0
Richards Bay,-28.78,32.04,75.11,79.59,92,1012,8.03,93
Severodvinsk,64.56,39.83,15.8,7.77,92,1033,4.47,90
Algeciras,36.13,-5.45,50.0,45.72,66,1014,3.36,20
Ixtapa,20.7,-105.2,78.8,76.39,50,1014,9.17,20
Labuhan,-6.88,112.21,77.49,83.19,84,1006,5.53,100
Esna,25.29,32.55,59.0,53.98,54,1015,5.82,0
Rafrāf,37.19,10.18,44.6,39.38,65,1014,3.36,20
Studená,49.19,15.29,36.7,28.18,100,1009,10.11,100
Mazatlán,23.22,-106.42,77.05,70.2,26,1015,8.05,5
Cururupu,-1.83,-44.87,78.6,84.94,81,1008,4.41,9
Misratah,32.38,15.09,54.27,45.55,41,1020,8.88,0
Pochutla,15.74,-96.47,86.0,87.71,51,1012,6.93,20
Les Cayes,18.2,-73.75,81.25,84.2,55,1014,3.04,0
Mangan,27.52,88.53,60.21,53.89,32,1019,4.43,51
Narón,43.52,-8.15,37.51,32.61,93,1015,3.36,20
Saint George,37.1,-113.58,53.67,46.65,34,1020,4.7,1
Dudinka,69.41,86.18,-11.2,-28.05,83,1044,17.9,90
Medzilaborce,49.27,21.9,36.5,32.41,85,1011,1.01,100
Pokosnoye,55.53,101.05,-29.88,-39.3,84,1056,4.23,87
Caravelas,-17.71,-39.25,78.91,82.4,80,1013,9.4,98
Flinders,-34.58,150.86,69.73,72.64,88,1003,5.01,24
Sirte,31.21,16.59,56.1,50.65,48,1020,4.68,29
Krupanj,44.37,19.36,38.12,32.9,100,1009,4.7,40
Mount Isa,-20.73,139.5,78.8,83.68,74,1007,4.7,39
Singaraja,-8.11,115.09,79.68,86.74,77,1006,2.68,100
İmamoğlu,37.27,35.66,54.37,45.66,50,1020,10.29,0
Ubari,26.59,12.78,54.68,47.98,53,1017,7.25,30
Rehoboth,-23.32,17.08,71.53,67.1,57,1010,10.89,49
Kaoma,-14.78,24.8,65.1,67.86,94,1011,3.24,2
Champerico,14.3,-91.92,91.4,94.15,55,1012,11.41,40
Buraidah,26.33,43.98,59.0,55.49,100,1019,11.41,40
Conde,-7.26,-34.91,82.4,83.32,74,1012,14.99,40
Bumba,2.18,22.47,76.64,81.57,74,1008,2.82,100
